Actual future Growth,Predicted future Growth
3.62,15.896351276569206
-10.42,51.2904299078433
